{
    "rmse": 5.117879827719473,
    "r2": 0.8594556355646713
}
