{
    "rmse": 5.092581934813412,
    "r2": 0.8632373891465582,
    "training_time": 29.876859188079834,
    "pred_time": 1.0256836414337158
}
